,Iteration,Time,Fitness,FEvals,Temperature,max_iters
0,0,0.00013015500735491514,115.03323506933009,0.0,0.01,1024
1,1,0.002487552003003657,115.03323506933009,1.0,0.01,1024
2,2,0.004181283002253622,121.48475893842166,3.0,0.01,1024
3,3,0.005891703011002392,121.48475893842166,4.0,0.01,1024
4,4,0.005946671008132398,121.48475893842166,5.0,0.01,1024
5,5,0.007816299010301009,121.48475893842166,6.0,0.01,1024
6,6,0.007876482995925471,121.48475893842166,7.0,0.01,1024
7,7,0.007940262003103271,122.7654432112625,9.0,0.01,1024
8,8,0.008002126007340848,126.5187763263491,11.0,0.01,1024
9,9,0.009728392004035413,126.5187763263491,12.0,0.01,1024
10,10,0.009785570990061387,126.5187763263491,13.0,0.01,1024
11,11,0.009833084011916071,126.5187763263491,14.0,0.01,1024
12,12,0.00987977601471357,126.5187763263491,15.0,0.01,1024
13,13,0.009944466990418732,126.99991495369535,17.0,0.01,1024
14,14,0.010007784003391862,133.18430684845404,19.0,0.01,1024
15,15,0.010070179007016122,134.57875557299005,21.0,0.01,1024
16,16,0.010114865988725796,134.57875557299005,22.0,0.01,1024
17,17,0.011883728002430871,134.57875557299005,23.0,0.01,1024
18,18,0.011940196010982618,134.57875557299005,24.0,0.01,1024
19,19,0.01198795301024802,134.57875557299005,25.0,0.01,1024
20,20,0.012036900996463373,134.57875557299005,26.0,0.01,1024
21,21,0.012084927991963923,134.57875557299005,27.0,0.01,1024
22,22,0.012132883013691753,134.57875557299005,28.0,0.01,1024
23,23,0.012180427002022043,134.57875557299005,29.0,0.01,1024
24,24,0.012228203006088734,134.57875557299005,30.0,0.01,1024
25,25,0.012293690000660717,135.22384517750578,32.0,0.01,1024
26,26,0.01234291901346296,135.22384517750578,33.0,0.01,1024
27,27,0.012390152987791225,135.22384517750578,34.0,0.01,1024
28,28,0.012435715994797647,135.22384517750578,35.0,0.01,1024
29,29,0.012481242010835558,135.22384517750578,36.0,0.01,1024
30,30,0.012526306003564969,135.22384517750578,37.0,0.01,1024
31,31,0.012571497005410492,135.22384517750578,38.0,0.01,1024
32,32,0.012617325002793223,135.22384517750578,39.0,0.01,1024
33,33,0.014541696000378579,135.5156412450064,41.0,0.01,1024
34,34,0.014607613993575796,135.5156412450064,42.0,0.01,1024
35,35,0.014658706990303472,135.5156412450064,43.0,0.01,1024
36,36,0.014706796006066725,135.5156412450064,44.0,0.01,1024
37,37,0.014753636001842096,135.5156412450064,45.0,0.01,1024
38,38,0.014816607988905162,135.98205238746723,47.0,0.01,1024
39,39,0.014863274991512299,135.98205238746723,48.0,0.01,1024
40,40,0.014909946999978274,135.98205238746723,49.0,0.01,1024
41,41,0.014956277998862788,135.98205238746723,50.0,0.01,1024
42,42,0.015003681008238345,135.98205238746723,51.0,0.01,1024
43,43,0.015050713991513476,135.98205238746723,52.0,0.01,1024
44,44,0.015098045987542719,135.98205238746723,53.0,0.01,1024
45,45,0.01514629801386036,135.98205238746723,54.0,0.01,1024
46,46,0.01519392299815081,135.98205238746723,55.0,0.01,1024
47,47,0.015256910992320627,136.04069290693548,57.0,0.01,1024
48,48,0.015319307014578953,136.54859440088023,59.0,0.01,1024
49,49,0.015367248997790739,136.54859440088023,60.0,0.01,1024
50,50,0.01541519901365973,136.54859440088023,61.0,0.01,1024
51,51,0.015462376992218196,136.54859440088023,62.0,0.01,1024
52,52,0.01552471099421382,137.18548990949782,64.0,0.01,1024
53,53,0.015572811011224985,137.18548990949782,65.0,0.01,1024
54,54,0.01563255800283514,137.18548990949782,66.0,0.01,1024
55,55,0.015707304992247373,137.18548990949782,67.0,0.01,1024
56,56,0.015761513990582898,137.18548990949782,68.0,0.01,1024
57,57,0.015816542989341542,137.18548990949782,69.0,0.01,1024
58,58,0.015865112014580518,137.18548990949782,70.0,0.01,1024
59,59,0.015914674993837252,137.18548990949782,71.0,0.01,1024
60,60,0.015963156009092927,137.18548990949782,72.0,0.01,1024
61,61,0.016012023988878354,137.18548990949782,73.0,0.01,1024
62,62,0.01606219299719669,137.18548990949782,74.0,0.01,1024
63,63,0.016111858014483005,137.18548990949782,75.0,0.01,1024
64,64,0.01616189899505116,137.18548990949782,76.0,0.01,1024
65,65,0.01831388598657213,137.18548990949782,77.0,0.01,1024
66,66,0.018377773987594992,137.18548990949782,78.0,0.01,1024
67,67,0.01843560900306329,137.18548990949782,79.0,0.01,1024
68,68,0.018490223010303453,137.18548990949782,80.0,0.01,1024
69,69,0.018543921993114054,137.18548990949782,81.0,0.01,1024
70,70,0.01859664000221528,137.18548990949782,82.0,0.01,1024
71,71,0.018665862997295335,137.4465957378879,84.0,0.01,1024
72,72,0.018718634004471824,137.4465957378879,85.0,0.01,1024
73,73,0.018772161012748256,137.4465957378879,86.0,0.01,1024
74,74,0.018824505008524284,137.4465957378879,87.0,0.01,1024
75,75,0.018876555986935273,137.4465957378879,88.0,0.01,1024
76,76,0.018928548990515992,137.4465957378879,89.0,0.01,1024
77,77,0.018980547989485785,137.4465957378879,90.0,0.01,1024
78,78,0.019032378011615947,137.4465957378879,91.0,0.01,1024
79,79,0.01908513900707476,137.4465957378879,92.0,0.01,1024
80,80,0.019137269991915673,137.4465957378879,93.0,0.01,1024
81,81,0.019190872000763193,137.4465957378879,94.0,0.01,1024
82,82,0.019244460010668263,137.4465957378879,95.0,0.01,1024
83,83,0.019297104998258874,137.4465957378879,96.0,0.01,1024
84,84,0.019350102986209095,137.4465957378879,97.0,0.01,1024
85,85,0.019402645993977785,137.4465957378879,98.0,0.01,1024
86,86,0.01945648601395078,137.4465957378879,99.0,0.01,1024
87,87,0.01951031098724343,137.4465957378879,100.0,0.01,1024
88,88,0.019579821004299447,137.81093131169897,102.0,0.01,1024
89,89,0.019664618012029678,137.81093131169897,103.0,0.01,1024
90,90,0.019726453989278525,137.81093131169897,104.0,0.01,1024
91,91,0.01980080400244333,138.1895770483454,106.0,0.01,1024
92,92,0.019856272003380582,138.1895770483454,107.0,0.01,1024
93,93,0.01991163901402615,138.1895770483454,108.0,0.01,1024
94,94,0.01996657799463719,138.1895770483454,109.0,0.01,1024
95,95,0.020021911012008786,138.1895770483454,110.0,0.01,1024
96,96,0.020076929009519517,138.1895770483454,111.0,0.01,1024
97,97,0.020131619006861,138.1895770483454,112.0,0.01,1024
98,98,0.02018667198717594,138.1895770483454,113.0,0.01,1024
99,99,0.020242416008841246,138.1895770483454,114.0,0.01,1024
100,100,0.02029891000711359,138.1895770483454,115.0,0.01,1024
101,101,0.02035679799155332,138.1895770483454,116.0,0.01,1024
102,102,0.020413332007592544,138.1895770483454,117.0,0.01,1024
103,103,0.02046968400827609,138.1895770483454,118.0,0.01,1024
104,104,0.020526000997051597,138.1895770483454,119.0,0.01,1024
105,105,0.02058207700611092,138.1895770483454,120.0,0.01,1024
106,106,0.020637284993426874,138.1895770483454,121.0,0.01,1024
107,107,0.02069584501441568,138.1895770483454,122.0,0.01,1024
108,108,0.020753330987645313,138.1895770483454,123.0,0.01,1024
109,109,0.02081174700288102,138.1895770483454,124.0,0.01,1024
110,110,0.020868735999101773,138.1895770483454,125.0,0.01,1024
111,111,0.020925012999214232,138.1895770483454,126.0,0.01,1024
112,112,0.020982412999728695,138.1895770483454,127.0,0.01,1024
113,113,0.021040638006525114,138.1895770483454,128.0,0.01,1024
114,114,0.021098282013554126,138.1895770483454,129.0,0.01,1024
115,115,0.021156528004212305,138.1895770483454,130.0,0.01,1024
116,116,0.021214372012764215,138.1895770483454,131.0,0.01,1024
117,117,0.021271676989272237,138.1895770483454,132.0,0.01,1024
118,118,0.021329756011255085,138.1895770483454,133.0,0.01,1024
119,119,0.021388166001997888,138.1895770483454,134.0,0.01,1024
120,120,0.021446603001095355,138.1895770483454,135.0,0.01,1024
121,121,0.021505717013496906,138.1895770483454,136.0,0.01,1024
122,122,0.02156483198632486,138.1895770483454,137.0,0.01,1024
123,123,0.02164012799039483,138.27701538137606,139.0,0.01,1024
124,124,0.021699612989323214,138.27701538137606,140.0,0.01,1024
125,125,0.021758968010544777,138.27701538137606,141.0,0.01,1024
126,126,0.021817333006765693,138.27701538137606,142.0,0.01,1024
127,127,0.02187760701053776,138.27701538137606,143.0,0.01,1024
128,128,0.02193664401420392,138.27701538137606,144.0,0.01,1024
129,129,0.024560441001085564,138.27701538137606,145.0,0.01,1024
130,130,0.02463314900523983,138.27701538137606,146.0,0.01,1024
131,131,0.02469744300469756,138.27701538137606,147.0,0.01,1024
132,132,0.02475978300208226,138.27701538137606,148.0,0.01,1024
133,133,0.024820985010592267,138.27701538137606,149.0,0.01,1024
134,134,0.02488149600685574,138.27701538137606,150.0,0.01,1024
135,135,0.024942046002252027,138.27701538137606,151.0,0.01,1024
136,136,0.025002009992022067,138.27701538137606,152.0,0.01,1024
137,137,0.02506183899822645,138.27701538137606,153.0,0.01,1024
138,138,0.02512285200646147,138.27701538137606,154.0,0.01,1024
139,139,0.02518341800896451,138.27701538137606,155.0,0.01,1024
140,140,0.025244760006899014,138.27701538137606,156.0,0.01,1024
141,141,0.02530650599510409,138.27701538137606,157.0,0.01,1024
142,142,0.025367789989104494,138.27701538137606,158.0,0.01,1024
143,143,0.02543295599753037,138.27701538137606,159.0,0.01,1024
144,144,0.025496602000202984,138.27701538137606,160.0,0.01,1024
145,145,0.025559514993801713,138.27701538137606,161.0,0.01,1024
146,146,0.025621679989853874,138.27701538137606,162.0,0.01,1024
147,147,0.025684216001536697,138.27701538137606,163.0,0.01,1024
148,148,0.025763898011064157,140.64914873833945,165.0,0.01,1024
149,149,0.025829871010500938,140.64914873833945,166.0,0.01,1024
150,150,0.025893963989801705,140.64914873833945,167.0,0.01,1024
151,151,0.02595781401032582,140.64914873833945,168.0,0.01,1024
152,152,0.026021403988124803,140.64914873833945,169.0,0.01,1024
153,153,0.026085543999215588,140.64914873833945,170.0,0.01,1024
154,154,0.026150124002015218,140.64914873833945,171.0,0.01,1024
155,155,0.026230757008306682,141.75291155396394,173.0,0.01,1024
156,156,0.026295096991816536,141.75291155396394,174.0,0.01,1024
157,157,0.02635929299867712,141.75291155396394,175.0,0.01,1024
158,158,0.02642340201418847,141.75291155396394,176.0,0.01,1024
159,159,0.02648792599211447,141.75291155396394,177.0,0.01,1024
160,160,0.0265524779970292,141.75291155396394,178.0,0.01,1024
161,161,0.02661682799225673,141.75291155396394,179.0,0.01,1024
162,162,0.02668087198981084,141.75291155396394,180.0,0.01,1024
163,163,0.026744678005343303,141.75291155396394,181.0,0.01,1024
164,164,0.02680864601279609,141.75291155396394,182.0,0.01,1024
165,165,0.026872935995925218,141.75291155396394,183.0,0.01,1024
166,166,0.026937810995150357,141.75291155396394,184.0,0.01,1024
167,167,0.027003978000720963,141.75291155396394,185.0,0.01,1024
168,168,0.02707034201011993,141.75291155396394,186.0,0.01,1024
169,169,0.027136502001667395,141.75291155396394,187.0,0.01,1024
170,170,0.027201168006286025,141.75291155396394,188.0,0.01,1024
171,171,0.02726735098985955,141.75291155396394,189.0,0.01,1024
172,172,0.027333864010870457,141.75291155396394,190.0,0.01,1024
173,173,0.0273997200129088,141.75291155396394,191.0,0.01,1024
174,174,0.02746661999844946,141.75291155396394,192.0,0.01,1024
175,175,0.02753367301193066,141.75291155396394,193.0,0.01,1024
176,176,0.027610744000412524,141.75291155396394,194.0,0.01,1024
177,177,0.02768875699257478,141.75291155396394,195.0,0.01,1024
178,178,0.027756165014579892,141.75291155396394,196.0,0.01,1024
179,179,0.027823443990200758,141.75291155396394,197.0,0.01,1024
180,180,0.02788976501324214,141.75291155396394,198.0,0.01,1024
181,181,0.02795628600870259,141.75291155396394,199.0,0.01,1024
182,182,0.028022557991789654,141.75291155396394,200.0,0.01,1024
183,183,0.02808972800266929,141.75291155396394,201.0,0.01,1024
184,184,0.028157291002571583,141.75291155396394,202.0,0.01,1024
185,185,0.0282246439892333,141.75291155396394,203.0,0.01,1024
186,186,0.028293143986957148,141.75291155396394,204.0,0.01,1024
187,187,0.02836199098965153,141.75291155396394,205.0,0.01,1024
188,188,0.028430164005840197,141.75291155396394,206.0,0.01,1024
189,189,0.02849851400242187,141.75291155396394,207.0,0.01,1024
190,190,0.02856646099826321,141.75291155396394,208.0,0.01,1024
191,191,0.028635241993470117,141.75291155396394,209.0,0.01,1024
192,192,0.028706732002319768,141.75291155396394,210.0,0.01,1024
193,193,0.028777116007404402,141.75291155396394,211.0,0.01,1024
194,194,0.028847373003372923,141.75291155396394,212.0,0.01,1024
195,195,0.028918416996020824,141.75291155396394,213.0,0.01,1024
196,196,0.028989740007091314,141.75291155396394,214.0,0.01,1024
197,197,0.029060553992167115,141.75291155396394,215.0,0.01,1024
198,198,0.02913097001146525,141.75291155396394,216.0,0.01,1024
199,199,0.029202247998910025,141.75291155396394,217.0,0.01,1024
200,200,0.02927464499953203,141.75291155396394,218.0,0.01,1024
201,201,0.029346002003876492,141.75291155396394,219.0,0.01,1024
202,202,0.029418399994028732,141.75291155396394,220.0,0.01,1024
203,203,0.02949014099431224,141.75291155396394,221.0,0.01,1024
204,204,0.029563023999799043,141.75291155396394,222.0,0.01,1024
205,205,0.029635656013851985,141.75291155396394,223.0,0.01,1024
206,206,0.029708729998674244,141.75291155396394,224.0,0.01,1024
207,207,0.029781566001474857,141.75291155396394,225.0,0.01,1024
208,208,0.02985502700903453,141.75291155396394,226.0,0.01,1024
209,209,0.029927863011835143,141.75291155396394,227.0,0.01,1024
210,210,0.02999993899720721,141.75291155396394,228.0,0.01,1024
211,211,0.03007301499019377,141.75291155396394,229.0,0.01,1024
212,212,0.030146334000164643,141.75291155396394,230.0,0.01,1024
213,213,0.03021971700945869,141.75291155396394,231.0,0.01,1024
214,214,0.030292217998066917,141.75291155396394,232.0,0.01,1024
215,215,0.030364854988874868,141.75291155396394,233.0,0.01,1024
216,216,0.030438217014307156,141.75291155396394,234.0,0.01,1024
217,217,0.030511508986819535,141.75291155396394,235.0,0.01,1024
218,218,0.030585267988499254,141.75291155396394,236.0,0.01,1024
219,219,0.0306589670071844,141.75291155396394,237.0,0.01,1024
220,220,0.03073288401355967,141.75291155396394,238.0,0.01,1024
221,221,0.030807303002802655,141.75291155396394,239.0,0.01,1024
222,222,0.030882444989401847,141.75291155396394,240.0,0.01,1024
223,223,0.030957504000980407,141.75291155396394,241.0,0.01,1024
224,224,0.031032116006826982,141.75291155396394,242.0,0.01,1024
225,225,0.03110703401034698,141.75291155396394,243.0,0.01,1024
226,226,0.03118155398988165,141.75291155396394,244.0,0.01,1024
227,227,0.031255920010153204,141.75291155396394,245.0,0.01,1024
228,228,0.03133128001354635,141.75291155396394,246.0,0.01,1024
229,229,0.031406711001181975,141.75291155396394,247.0,0.01,1024
230,230,0.03148286399664357,141.75291155396394,248.0,0.01,1024
231,231,0.031558460992528126,141.75291155396394,249.0,0.01,1024
232,232,0.03163824600051157,141.75291155396394,250.0,0.01,1024
233,233,0.03172800698666833,141.75291155396394,251.0,0.01,1024
234,234,0.031804553989786655,141.75291155396394,252.0,0.01,1024
235,235,0.0318799419910647,141.75291155396394,253.0,0.01,1024
236,236,0.03195499398862012,141.75291155396394,254.0,0.01,1024
237,237,0.03203102698898874,141.75291155396394,255.0,0.01,1024
238,238,0.03210802501416765,141.75291155396394,256.0,0.01,1024
239,239,0.03218481800286099,141.75291155396394,257.0,0.01,1024
240,240,0.03226130301482044,141.75291155396394,258.0,0.01,1024
241,241,0.03233842900954187,141.75291155396394,259.0,0.01,1024
242,242,0.032414997986052185,141.75291155396394,260.0,0.01,1024
243,243,0.032492192985955626,141.75291155396394,261.0,0.01,1024
244,244,0.03256959401187487,141.75291155396394,262.0,0.01,1024
245,245,0.03264684299938381,141.75291155396394,263.0,0.01,1024
246,246,0.03272439099964686,141.75291155396394,264.0,0.01,1024
247,247,0.032817923987749964,141.85916591493807,266.0,0.01,1024
248,248,0.0328964930085931,141.85916591493807,267.0,0.01,1024
249,249,0.03297449598903768,141.85916591493807,268.0,0.01,1024
250,250,0.03305236701271497,141.85916591493807,269.0,0.01,1024
251,251,0.03313068000716157,141.85916591493807,270.0,0.01,1024
252,252,0.03320818199426867,141.85916591493807,271.0,0.01,1024
253,253,0.03328618098748848,141.85916591493807,272.0,0.01,1024
254,254,0.03338145499583334,142.24679750765745,274.0,0.01,1024
255,255,0.033460203994764015,142.24679750765745,275.0,0.01,1024
256,256,0.03353886600234546,142.24679750765745,276.0,0.01,1024
257,257,0.03637741200509481,142.24679750765745,277.0,0.01,1024
258,258,0.0364682599902153,142.24679750765745,278.0,0.01,1024
259,259,0.03656852099811658,143.6312745311972,280.0,0.01,1024
260,260,0.03664989801472984,143.6312745311972,281.0,0.01,1024
261,261,0.03673036300460808,143.6312745311972,282.0,0.01,1024
262,262,0.03680979099590331,143.6312745311972,283.0,0.01,1024
263,263,0.03689025901257992,143.6312745311972,284.0,0.01,1024
264,264,0.036970551998820156,143.6312745311972,285.0,0.01,1024
265,265,0.03705203300341964,143.6312745311972,286.0,0.01,1024
266,266,0.037133751990040764,143.6312745311972,287.0,0.01,1024
267,267,0.03721502798725851,143.6312745311972,288.0,0.01,1024
268,268,0.03729634400224313,143.6312745311972,289.0,0.01,1024
269,269,0.0373784140101634,143.6312745311972,290.0,0.01,1024
270,270,0.03746056999079883,143.6312745311972,291.0,0.01,1024
271,271,0.03754269299679436,143.6312745311972,292.0,0.01,1024
272,272,0.03762483500759117,143.6312745311972,293.0,0.01,1024
273,273,0.037724433990661055,143.87881908483294,295.0,0.01,1024
274,274,0.03780773899052292,143.87881908483294,296.0,0.01,1024
275,275,0.037890239007538185,143.87881908483294,297.0,0.01,1024
276,276,0.03797242700238712,143.87881908483294,298.0,0.01,1024
277,277,0.03805475000990555,143.87881908483294,299.0,0.01,1024
278,278,0.038136304006911814,143.87881908483294,300.0,0.01,1024
279,279,0.0382187360082753,143.87881908483294,301.0,0.01,1024
280,280,0.03830124900559895,143.87881908483294,302.0,0.01,1024
281,281,0.03838386299321428,143.87881908483294,303.0,0.01,1024
282,282,0.0384662119904533,143.87881908483294,304.0,0.01,1024
283,283,0.0385489409964066,143.87881908483294,305.0,0.01,1024
284,284,0.03863158999592997,143.87881908483294,306.0,0.01,1024
285,285,0.03871445800177753,143.87881908483294,307.0,0.01,1024
286,286,0.03879778701229952,143.87881908483294,308.0,0.01,1024
287,287,0.038881273998413235,143.87881908483294,309.0,0.01,1024
288,288,0.038965123996604234,143.87881908483294,310.0,0.01,1024
289,289,0.03904847998637706,143.87881908483294,311.0,0.01,1024
290,290,0.03913166600978002,143.87881908483294,312.0,0.01,1024
291,291,0.03921544901095331,143.87881908483294,313.0,0.01,1024
292,292,0.039299261989071965,143.87881908483294,314.0,0.01,1024
293,293,0.03940072501427494,143.90248832330533,316.0,0.01,1024
294,294,0.03948555901297368,143.90248832330533,317.0,0.01,1024
295,295,0.03956984801334329,143.90248832330533,318.0,0.01,1024
296,296,0.03969923700788058,143.90248832330533,319.0,0.01,1024
297,297,0.0397849419969134,143.90248832330533,320.0,0.01,1024
298,298,0.03986942599294707,143.90248832330533,321.0,0.01,1024
299,299,0.03995455100084655,143.90248832330533,322.0,0.01,1024
300,300,0.040039571991655976,143.90248832330533,323.0,0.01,1024
301,301,0.040124065009877086,143.90248832330533,324.0,0.01,1024
302,302,0.040209805010817945,143.90248832330533,325.0,0.01,1024
303,303,0.04029526899103075,143.90248832330533,326.0,0.01,1024
304,304,0.040380913007538766,143.90248832330533,327.0,0.01,1024
305,305,0.04046739899786189,143.90248832330533,328.0,0.01,1024
306,306,0.04055262901238166,143.90248832330533,329.0,0.01,1024
307,307,0.04065442300634459,143.97128477275928,331.0,0.01,1024
308,308,0.040740253985859454,143.97128477275928,332.0,0.01,1024
309,309,0.04082566199940629,143.97128477275928,333.0,0.01,1024
310,310,0.04091221999260597,143.97128477275928,334.0,0.01,1024
311,311,0.04099917100393213,143.97128477275928,335.0,0.01,1024
312,312,0.0410854019864928,143.97128477275928,336.0,0.01,1024
313,313,0.04117231399868615,143.97128477275928,337.0,0.01,1024
314,314,0.04125910100992769,143.97128477275928,338.0,0.01,1024
315,315,0.04134702999726869,143.97128477275928,339.0,0.01,1024
316,316,0.041434507991652936,143.97128477275928,340.0,0.01,1024
317,317,0.0415218590060249,143.97128477275928,341.0,0.01,1024
318,318,0.04160920999129303,143.97128477275928,342.0,0.01,1024
319,319,0.04169617700972594,143.97128477275928,343.0,0.01,1024
320,320,0.04178347298875451,143.97128477275928,344.0,0.01,1024
321,321,0.041871469002217054,143.97128477275928,345.0,0.01,1024
322,322,0.04195944900857285,143.97128477275928,346.0,0.01,1024
323,323,0.042047282011481,143.97128477275928,347.0,0.01,1024
324,324,0.04213590201106854,143.97128477275928,348.0,0.01,1024
325,325,0.04222422500606626,143.97128477275928,349.0,0.01,1024
326,326,0.04231186199467629,143.97128477275928,350.0,0.01,1024
327,327,0.04240010801004246,143.97128477275928,351.0,0.01,1024
328,328,0.04248940999968909,143.97128477275928,352.0,0.01,1024
329,329,0.04257867799606174,143.97128477275928,353.0,0.01,1024
330,330,0.0426677739887964,143.97128477275928,354.0,0.01,1024
331,331,0.04275669899652712,143.97128477275928,355.0,0.01,1024
332,332,0.04284632101189345,143.97128477275928,356.0,0.01,1024
333,333,0.04293627600418404,143.97128477275928,357.0,0.01,1024
334,334,0.04302667299634777,143.97128477275928,358.0,0.01,1024
335,335,0.043116826011100784,143.97128477275928,359.0,0.01,1024
336,336,0.0432077540026512,143.97128477275928,360.0,0.01,1024
337,337,0.04329815099481493,143.97128477275928,361.0,0.01,1024
338,338,0.04338838701369241,143.97128477275928,362.0,0.01,1024
339,339,0.043477680010255426,143.97128477275928,363.0,0.01,1024
340,340,0.04356698799529113,143.97128477275928,364.0,0.01,1024
341,341,0.04367917700437829,144.54061464418646,366.0,0.01,1024
342,342,0.04377172701060772,144.54061464418646,367.0,0.01,1024
343,343,0.04386354400776327,144.54061464418646,368.0,0.01,1024
344,344,0.04395507101435214,144.54061464418646,369.0,0.01,1024
345,345,0.04404694901313633,144.54061464418646,370.0,0.01,1024
346,346,0.04413891499279998,144.54061464418646,371.0,0.01,1024
347,347,0.04423021001275629,144.54061464418646,372.0,0.01,1024
348,348,0.04432166600599885,144.54061464418646,373.0,0.01,1024
349,349,0.044416849996196106,144.54061464418646,374.0,0.01,1024
350,350,0.044510781997814775,144.54061464418646,375.0,0.01,1024
351,351,0.04462151401094161,144.90335667339698,377.0,0.01,1024
352,352,0.044716653996147215,144.90335667339698,378.0,0.01,1024
353,353,0.044810977997258306,144.90335667339698,379.0,0.01,1024
354,354,0.04490595599054359,144.90335667339698,380.0,0.01,1024
355,355,0.04500163398915902,144.90335667339698,381.0,0.01,1024
356,356,0.045098175993189216,144.90335667339698,382.0,0.01,1024
357,357,0.0451931539864745,144.90335667339698,383.0,0.01,1024
358,358,0.04528870701324195,144.90335667339698,384.0,0.01,1024
359,359,0.04538362901075743,144.90335667339698,385.0,0.01,1024
360,360,0.04547752600046806,144.90335667339698,386.0,0.01,1024
361,361,0.04557325199129991,144.90335667339698,387.0,0.01,1024
362,362,0.045668309001484886,144.90335667339698,388.0,0.01,1024
363,363,0.04576316400198266,144.90335667339698,389.0,0.01,1024
364,364,0.04585904101259075,144.90335667339698,390.0,0.01,1024
365,365,0.045954739005537704,144.90335667339698,391.0,0.01,1024
366,366,0.046050319011555985,144.90335667339698,392.0,0.01,1024
367,367,0.046146815991960466,144.90335667339698,393.0,0.01,1024
368,368,0.046242842014180496,144.90335667339698,394.0,0.01,1024
369,369,0.04633833299158141,144.90335667339698,395.0,0.01,1024
370,370,0.0464349820103962,144.90335667339698,396.0,0.01,1024
371,371,0.046531733009032905,144.90335667339698,397.0,0.01,1024
372,372,0.046627881994936615,144.90335667339698,398.0,0.01,1024
373,373,0.04672477301210165,144.90335667339698,399.0,0.01,1024
374,374,0.0468203850032296,144.90335667339698,400.0,0.01,1024
375,375,0.04691660401294939,144.90335667339698,401.0,0.01,1024
376,376,0.04701299901353195,144.90335667339698,402.0,0.01,1024
377,377,0.04710951799643226,144.90335667339698,403.0,0.01,1024
378,378,0.047206627001287416,144.90335667339698,404.0,0.01,1024
379,379,0.04730241699144244,144.90335667339698,405.0,0.01,1024
380,380,0.0473997560038697,144.90335667339698,406.0,0.01,1024
381,381,0.0474967930058483,144.90335667339698,407.0,0.01,1024
382,382,0.04759462000220083,144.90335667339698,408.0,0.01,1024
383,383,0.04769830600707792,144.90335667339698,409.0,0.01,1024
384,384,0.04779658300685696,144.90335667339698,410.0,0.01,1024
385,385,0.04789502901257947,144.90335667339698,411.0,0.01,1024
386,386,0.047994191001635045,144.90335667339698,412.0,0.01,1024
387,387,0.048093555989908054,144.90335667339698,413.0,0.01,1024
388,388,0.04819249699357897,144.90335667339698,414.0,0.01,1024
389,389,0.048291126993717626,144.90335667339698,415.0,0.01,1024
390,390,0.04838956901221536,144.90335667339698,416.0,0.01,1024
391,391,0.04848907599807717,144.90335667339698,417.0,0.01,1024
392,392,0.048589265992632136,144.90335667339698,418.0,0.01,1024
393,393,0.04868941698805429,144.90335667339698,419.0,0.01,1024
394,394,0.048807135986862704,144.96680616534368,421.0,0.01,1024
395,395,0.04890751399216242,144.96680616534368,422.0,0.01,1024
396,396,0.04900864401133731,144.96680616534368,423.0,0.01,1024
397,397,0.04910887000733055,144.96680616534368,424.0,0.01,1024
398,398,0.04921130099683069,144.96680616534368,425.0,0.01,1024
399,399,0.04931034101173282,144.96680616534368,426.0,0.01,1024
400,400,0.049408772989409044,144.96680616534368,427.0,0.01,1024
401,401,0.04950671299593523,144.96680616534368,428.0,0.01,1024
402,402,0.04960443198797293,144.96680616534368,429.0,0.01,1024
403,403,0.049702674994478,144.96680616534368,430.0,0.01,1024
404,404,0.04980139099643566,144.96680616534368,431.0,0.01,1024
405,405,0.04990047399769537,144.96680616534368,432.0,0.01,1024
406,406,0.049999621987808496,144.96680616534368,433.0,0.01,1024
407,407,0.05009917600546032,144.96680616534368,434.0,0.01,1024
408,408,0.05019845999777317,144.96680616534368,435.0,0.01,1024
409,409,0.05029911399469711,144.96680616534368,436.0,0.01,1024
410,410,0.05040020801243372,144.96680616534368,437.0,0.01,1024
411,411,0.05050214900984429,144.96680616534368,438.0,0.01,1024
412,412,0.050604171003215015,144.96680616534368,439.0,0.01,1024
413,413,0.050706211011856794,144.96680616534368,440.0,0.01,1024
414,414,0.050808230007532984,144.96680616534368,441.0,0.01,1024
415,415,0.050910627003759146,144.96680616534368,442.0,0.01,1024
416,416,0.05101334900246002,144.96680616534368,443.0,0.01,1024
417,417,0.051116743008606136,144.96680616534368,444.0,0.01,1024
418,418,0.05121948101441376,144.96680616534368,445.0,0.01,1024
419,419,0.05132180600776337,144.96680616534368,446.0,0.01,1024
420,420,0.05142377800075337,144.96680616534368,447.0,0.01,1024
421,421,0.051526174996979535,144.96680616534368,448.0,0.01,1024
422,422,0.05163216599612497,144.96680616534368,449.0,0.01,1024
423,423,0.05173670098884031,144.96680616534368,450.0,0.01,1024
424,424,0.05183972298982553,144.96680616534368,451.0,0.01,1024
425,425,0.051944109989563,144.96680616534368,452.0,0.01,1024
426,426,0.052047359000425786,144.96680616534368,453.0,0.01,1024
427,427,0.05215149899595417,144.96680616534368,454.0,0.01,1024
428,428,0.05225514600169845,144.96680616534368,455.0,0.01,1024
429,429,0.05236045201309025,144.96680616534368,456.0,0.01,1024
430,430,0.05246542001259513,144.96680616534368,457.0,0.01,1024
431,431,0.052570191997801885,144.96680616534368,458.0,0.01,1024
432,432,0.05267514698789455,144.96680616534368,459.0,0.01,1024
433,433,0.05278015599469654,144.96680616534368,460.0,0.01,1024
434,434,0.05288644498796202,144.96680616534368,461.0,0.01,1024
435,435,0.05299142299918458,144.96680616534368,462.0,0.01,1024
436,436,0.05309689600835554,144.96680616534368,463.0,0.01,1024
437,437,0.05320273101096973,144.96680616534368,464.0,0.01,1024
438,438,0.053309412993257865,144.96680616534368,465.0,0.01,1024
439,439,0.05341642998973839,144.96680616534368,466.0,0.01,1024
440,440,0.05352369500906207,144.96680616534368,467.0,0.01,1024
441,441,0.05363006700645201,144.96680616534368,468.0,0.01,1024
442,442,0.05373698100447655,144.96680616534368,469.0,0.01,1024
443,443,0.05384478799533099,144.96680616534368,470.0,0.01,1024
444,444,0.05395132600096986,144.96680616534368,471.0,0.01,1024
445,445,0.05405750998761505,144.96680616534368,472.0,0.01,1024
446,446,0.054164217988727614,144.96680616534368,473.0,0.01,1024
447,447,0.05427085800329223,144.96680616534368,474.0,0.01,1024
448,448,0.05437729900586419,144.96680616534368,475.0,0.01,1024
449,449,0.05448449798859656,144.96680616534368,476.0,0.01,1024
450,450,0.054591849009739235,144.96680616534368,477.0,0.01,1024
451,451,0.05469889601226896,144.96680616534368,478.0,0.01,1024
452,452,0.054805565014248714,144.96680616534368,479.0,0.01,1024
453,453,0.054912224994041026,144.96680616534368,480.0,0.01,1024
454,454,0.0550195119867567,144.96680616534368,481.0,0.01,1024
455,455,0.05512820300646126,144.96680616534368,482.0,0.01,1024
456,456,0.05524155200691894,144.96680616534368,483.0,0.01,1024
457,457,0.055350824986817315,144.96680616534368,484.0,0.01,1024
458,458,0.055459314986364916,144.96680616534368,485.0,0.01,1024
459,459,0.05556789899128489,144.96680616534368,486.0,0.01,1024
460,460,0.055682414007605985,144.96680616534368,487.0,0.01,1024
461,461,0.05579141099588014,144.96680616534368,488.0,0.01,1024
462,462,0.05590115798986517,144.96680616534368,489.0,0.01,1024
463,463,0.05601229501189664,144.96680616534368,490.0,0.01,1024
464,464,0.056122304988093674,144.96680616534368,491.0,0.01,1024
465,465,0.05623262099106796,144.96680616534368,492.0,0.01,1024
466,466,0.056359592999797314,145.2212668597958,494.0,0.01,1024
467,467,0.05647136800689623,145.2212668597958,495.0,0.01,1024
468,468,0.05658111599041149,145.2212668597958,496.0,0.01,1024
469,469,0.056690369005082175,145.2212668597958,497.0,0.01,1024
470,470,0.05679903400596231,145.2212668597958,498.0,0.01,1024
471,471,0.05690820899326354,145.2212668597958,499.0,0.01,1024
472,472,0.057018641993636265,145.2212668597958,500.0,0.01,1024
473,473,0.05712805601069704,145.2212668597958,501.0,0.01,1024
474,474,0.05723837699042633,145.2212668597958,502.0,0.01,1024
475,475,0.057349849987076595,145.2212668597958,503.0,0.01,1024
476,476,0.05746078400989063,145.2212668597958,504.0,0.01,1024
477,477,0.0575716290040873,145.2212668597958,505.0,0.01,1024
478,478,0.05768263299250975,145.2212668597958,506.0,0.01,1024
479,479,0.05779412799165584,145.2212668597958,507.0,0.01,1024
480,480,0.057905866007786244,145.2212668597958,508.0,0.01,1024
481,481,0.05801892199087888,145.2212668597958,509.0,0.01,1024
482,482,0.05813209101324901,145.2212668597958,510.0,0.01,1024
483,483,0.05824437100091018,145.2212668597958,511.0,0.01,1024
484,484,0.05835641801240854,145.2212668597958,512.0,0.01,1024
485,485,0.058468000002903864,145.2212668597958,513.0,0.01,1024
486,486,0.058580704004270956,145.2212668597958,514.0,0.01,1024
487,487,0.058692710008472204,145.2212668597958,515.0,0.01,1024
488,488,0.05880496799363755,145.2212668597958,516.0,0.01,1024
489,489,0.058918761991662905,145.2212668597958,517.0,0.01,1024
490,490,0.05903142300667241,145.2212668597958,518.0,0.01,1024
491,491,0.059144486993318424,145.2212668597958,519.0,0.01,1024
492,492,0.05925735700293444,145.2212668597958,520.0,0.01,1024
493,493,0.05937096200068481,145.2212668597958,521.0,0.01,1024
494,494,0.05948404499213211,145.2212668597958,522.0,0.01,1024
495,495,0.05959759600227699,145.2212668597958,523.0,0.01,1024
496,496,0.059715531999245286,145.2212668597958,524.0,0.01,1024
497,497,0.059845715994015336,145.34942607302264,526.0,0.01,1024
498,498,0.059959489008178934,145.34942607302264,527.0,0.01,1024
499,499,0.06007348801358603,145.34942607302264,528.0,0.01,1024
500,500,0.06018770899390802,145.34942607302264,529.0,0.01,1024
501,501,0.06030117900809273,145.34942607302264,530.0,0.01,1024
502,502,0.06041481299325824,145.34942607302264,531.0,0.01,1024
503,503,0.060528405010700226,145.34942607302264,532.0,0.01,1024
504,504,0.06064164498820901,145.34942607302264,533.0,0.01,1024
505,505,0.06075566398794763,145.34942607302264,534.0,0.01,1024
506,506,0.06086902300012298,145.34942607302264,535.0,0.01,1024
507,507,0.06098326400388032,145.34942607302264,536.0,0.01,1024
508,508,0.061096763995010406,145.34942607302264,537.0,0.01,1024
509,509,0.06120984299923293,145.34942607302264,538.0,0.01,1024
510,510,0.061323555011767894,145.34942607302264,539.0,0.01,1024
511,511,0.06143618299392983,145.34942607302264,540.0,0.01,1024
512,512,0.06155328199383803,145.34942607302264,541.0,0.01,1024
513,513,0.06547448100172915,145.34942607302264,542.0,0.01,1024
514,514,0.06560063699726015,145.34942607302264,543.0,0.01,1024
515,515,0.06571857701055706,145.34942607302264,544.0,0.01,1024
516,516,0.06583402698743157,145.34942607302264,545.0,0.01,1024
517,517,0.06594933700398542,145.34942607302264,546.0,0.01,1024
518,518,0.06606462100171484,145.34942607302264,547.0,0.01,1024
519,519,0.06617964600445703,145.34942607302264,548.0,0.01,1024
520,520,0.06629481198615395,145.34942607302264,549.0,0.01,1024
521,521,0.06641025099088438,145.34942607302264,550.0,0.01,1024
522,522,0.0665256229985971,145.34942607302264,551.0,0.01,1024
523,523,0.0666410890116822,145.34942607302264,552.0,0.01,1024
524,524,0.06675543601159006,145.34942607302264,553.0,0.01,1024
525,525,0.06687011200119741,145.34942607302264,554.0,0.01,1024
526,526,0.0669855070009362,145.34942607302264,555.0,0.01,1024
527,527,0.06710208000731654,145.34942607302264,556.0,0.01,1024
528,528,0.06721949999337085,145.34942607302264,557.0,0.01,1024
529,529,0.06733469798928127,145.34942607302264,558.0,0.01,1024
530,530,0.06745104701258242,145.34942607302264,559.0,0.01,1024
531,531,0.06756688500172459,145.34942607302264,560.0,0.01,1024
532,532,0.06768835798720829,145.34942607302264,561.0,0.01,1024
533,533,0.06780568999238312,145.34942607302264,562.0,0.01,1024
534,534,0.06792115801363252,145.34942607302264,563.0,0.01,1024
535,535,0.06803653499810025,145.34942607302264,564.0,0.01,1024
536,536,0.06815267700585537,145.34942607302264,565.0,0.01,1024
537,537,0.06826845000614412,145.34942607302264,566.0,0.01,1024
538,538,0.06838457498815842,145.34942607302264,567.0,0.01,1024
539,539,0.06850200600456446,145.34942607302264,568.0,0.01,1024
540,540,0.06861906999256462,145.34942607302264,569.0,0.01,1024
541,541,0.06873505999101326,145.34942607302264,570.0,0.01,1024
542,542,0.0688517749949824,145.34942607302264,571.0,0.01,1024
543,543,0.06896892300574109,145.34942607302264,572.0,0.01,1024
544,544,0.06908653400023468,145.34942607302264,573.0,0.01,1024
545,545,0.0692060450091958,145.34942607302264,574.0,0.01,1024
546,546,0.06932716601295397,145.34942607302264,575.0,0.01,1024
547,547,0.06944892401224934,145.34942607302264,576.0,0.01,1024
548,548,0.06956968700978905,145.34942607302264,577.0,0.01,1024
549,549,0.06969005899736658,145.34942607302264,578.0,0.01,1024
550,550,0.0698114309925586,145.34942607302264,579.0,0.01,1024
551,551,0.069933241000399,145.34942607302264,580.0,0.01,1024
552,552,0.0700541390106082,145.34942607302264,581.0,0.01,1024
553,553,0.0701752910099458,145.34942607302264,582.0,0.01,1024
554,554,0.07029703501029871,145.34942607302264,583.0,0.01,1024
555,555,0.07041870499961078,145.34942607302264,584.0,0.01,1024
556,556,0.07054031500592828,145.34942607302264,585.0,0.01,1024
557,557,0.07066270499490201,145.34942607302264,586.0,0.01,1024
558,558,0.07078423100756481,145.34942607302264,587.0,0.01,1024
559,559,0.07090860299649648,145.34942607302264,588.0,0.01,1024
560,560,0.07103142800042406,145.34942607302264,589.0,0.01,1024
561,561,0.07115409401012585,145.34942607302264,590.0,0.01,1024
562,562,0.07127660198602825,145.34942607302264,591.0,0.01,1024
563,563,0.07139918798930012,145.34942607302264,592.0,0.01,1024
564,564,0.07152230700012296,145.34942607302264,593.0,0.01,1024
565,565,0.0716480269911699,145.34942607302264,594.0,0.01,1024
566,566,0.07177108898758888,145.34942607302264,595.0,0.01,1024
567,567,0.07189452700549737,145.34942607302264,596.0,0.01,1024
568,568,0.07201810300466605,145.34942607302264,597.0,0.01,1024
569,569,0.07214201698661782,145.34942607302264,598.0,0.01,1024
570,570,0.07226600201101974,145.34942607302264,599.0,0.01,1024
571,571,0.07238992498605512,145.34942607302264,600.0,0.01,1024
572,572,0.07251328899292275,145.34942607302264,601.0,0.01,1024
573,573,0.07263689799583517,145.34942607302264,602.0,0.01,1024
574,574,0.07276011499925517,145.34942607302264,603.0,0.01,1024
575,575,0.07288412601337768,145.34942607302264,604.0,0.01,1024
576,576,0.07300872000632808,145.34942607302264,605.0,0.01,1024
577,577,0.0731333039875608,145.34942607302264,606.0,0.01,1024
578,578,0.07325809900066815,145.34942607302264,607.0,0.01,1024
579,579,0.07338323400472291,145.34942607302264,608.0,0.01,1024
580,580,0.07350855201366358,145.34942607302264,609.0,0.01,1024
581,581,0.0736336630070582,145.34942607302264,610.0,0.01,1024
582,582,0.0737587129988242,145.34942607302264,611.0,0.01,1024
583,583,0.07388379098847508,145.34942607302264,612.0,0.01,1024
584,584,0.07400829301332124,145.34942607302264,613.0,0.01,1024
585,585,0.07413319399347529,145.34942607302264,614.0,0.01,1024
586,586,0.07425917300861329,145.34942607302264,615.0,0.01,1024
587,587,0.07438525499310344,145.34942607302264,616.0,0.01,1024
588,588,0.0745111040014308,145.34942607302264,617.0,0.01,1024
589,589,0.07463818299584091,145.34942607302264,618.0,0.01,1024
590,590,0.0747650139965117,145.34942607302264,619.0,0.01,1024
591,591,0.07488886901410297,145.34942607302264,620.0,0.01,1024
592,592,0.07501244198647328,145.34942607302264,621.0,0.01,1024
593,593,0.07513544798712246,145.34942607302264,622.0,0.01,1024
594,594,0.07525945900124498,145.34942607302264,623.0,0.01,1024
595,595,0.07538376800948754,145.34942607302264,624.0,0.01,1024
596,596,0.07550934801110998,145.34942607302264,625.0,0.01,1024
597,597,0.07563984300941229,145.34942607302264,626.0,0.01,1024
598,598,0.07576951300143264,145.34942607302264,627.0,0.01,1024
599,599,0.07589874201221392,145.34942607302264,628.0,0.01,1024
600,600,0.07602655800292268,145.34942607302264,629.0,0.01,1024
601,601,0.07615449500735849,145.34942607302264,630.0,0.01,1024
602,602,0.07628396799555048,145.34942607302264,631.0,0.01,1024
603,603,0.07641271498869173,145.34942607302264,632.0,0.01,1024
604,604,0.07654054000158794,145.34942607302264,633.0,0.01,1024
605,605,0.07666863899794407,145.34942607302264,634.0,0.01,1024
606,606,0.076798260997748,145.34942607302264,635.0,0.01,1024
607,607,0.07692843998665921,145.34942607302264,636.0,0.01,1024
608,608,0.07705762100522406,145.34942607302264,637.0,0.01,1024
609,609,0.07718755499809049,145.34942607302264,638.0,0.01,1024
610,610,0.07731754999258555,145.34942607302264,639.0,0.01,1024
611,611,0.07744808399002068,145.34942607302264,640.0,0.01,1024
612,612,0.0775780499971006,145.34942607302264,641.0,0.01,1024
613,613,0.07770736899692565,145.34942607302264,642.0,0.01,1024
614,614,0.07783680100692436,145.34942607302264,643.0,0.01,1024
615,615,0.0779655929945875,145.34942607302264,644.0,0.01,1024
616,616,0.07809540801099502,145.34942607302264,645.0,0.01,1024
617,617,0.07822495000436902,145.34942607302264,646.0,0.01,1024
618,618,0.0783546679886058,145.34942607302264,647.0,0.01,1024
619,619,0.07848562599974684,145.34942607302264,648.0,0.01,1024
620,620,0.07861690199933946,145.34942607302264,649.0,0.01,1024
621,621,0.07874808099586517,145.34942607302264,650.0,0.01,1024
622,622,0.07887903400114737,145.34942607302264,651.0,0.01,1024
623,623,0.07901039300486445,145.34942607302264,652.0,0.01,1024
624,624,0.07914118000189774,145.34942607302264,653.0,0.01,1024
625,625,0.0792727560037747,145.34942607302264,654.0,0.01,1024
626,626,0.07940511198830791,145.34942607302264,655.0,0.01,1024
627,627,0.07953677501063794,145.34942607302264,656.0,0.01,1024
628,628,0.07968915501260199,145.77354022182539,658.0,0.01,1024
629,629,0.07982569400337525,145.77354022182539,659.0,0.01,1024
630,630,0.07996057698619552,145.77354022182539,660.0,0.01,1024
631,631,0.08009330599452369,145.77354022182539,661.0,0.01,1024
632,632,0.08022620400879532,145.77354022182539,662.0,0.01,1024
633,633,0.08035895400098525,145.77354022182539,663.0,0.01,1024
634,634,0.08049090899294242,145.77354022182539,664.0,0.01,1024
635,635,0.08062410799902864,145.77354022182539,665.0,0.01,1024
636,636,0.08075680400361307,145.77354022182539,666.0,0.01,1024
637,637,0.08088990900432691,145.77354022182539,667.0,0.01,1024
638,638,0.08102346200030297,145.77354022182539,668.0,0.01,1024
639,639,0.08115770600852557,145.77354022182539,669.0,0.01,1024
640,640,0.08129145498969592,145.77354022182539,670.0,0.01,1024
641,641,0.0814253090065904,145.77354022182539,671.0,0.01,1024
642,642,0.08155989099759609,145.77354022182539,672.0,0.01,1024
643,643,0.08169551700120792,145.77354022182539,673.0,0.01,1024
644,644,0.08183037900016643,145.77354022182539,674.0,0.01,1024
645,645,0.08196549100102857,145.77354022182539,675.0,0.01,1024
646,646,0.08210089898784645,145.77354022182539,676.0,0.01,1024
647,647,0.08223208200070076,145.77354022182539,677.0,0.01,1024
648,648,0.08236411301186308,145.77354022182539,678.0,0.01,1024
649,649,0.08249527800944634,145.77354022182539,679.0,0.01,1024
650,650,0.08262660400941968,145.77354022182539,680.0,0.01,1024
651,651,0.08275754199712537,145.77354022182539,681.0,0.01,1024
652,652,0.0828895499871578,145.77354022182539,682.0,0.01,1024
653,653,0.08302161999745294,145.77354022182539,683.0,0.01,1024
654,654,0.08315349201438949,145.77354022182539,684.0,0.01,1024
655,655,0.08328811000683345,145.77354022182539,685.0,0.01,1024
656,656,0.08342250500572845,145.77354022182539,686.0,0.01,1024
657,657,0.0835746010125149,146.34729114388625,688.0,0.01,1024
658,658,0.08371313000679947,146.34729114388625,689.0,0.01,1024
659,659,0.08384980200207792,146.34729114388625,690.0,0.01,1024
660,660,0.0839875869860407,146.34729114388625,691.0,0.01,1024
661,661,0.08412446500733495,146.34729114388625,692.0,0.01,1024
662,662,0.08426185700227506,146.34729114388625,693.0,0.01,1024
663,663,0.08439999099937268,146.34729114388625,694.0,0.01,1024
664,664,0.08453845500480384,146.34729114388625,695.0,0.01,1024
665,665,0.0846758910047356,146.34729114388625,696.0,0.01,1024
666,666,0.084813405002933,146.34729114388625,697.0,0.01,1024
667,667,0.08495255699381232,146.34729114388625,698.0,0.01,1024
668,668,0.08509163098642603,146.34729114388625,699.0,0.01,1024
669,669,0.0852296240045689,146.34729114388625,700.0,0.01,1024
670,670,0.08536727100727148,146.34729114388625,701.0,0.01,1024
671,671,0.0855044029885903,146.34729114388625,702.0,0.01,1024
672,672,0.08564088601269759,146.34729114388625,703.0,0.01,1024
673,673,0.08577759299078025,146.34729114388625,704.0,0.01,1024
674,674,0.08591621299274266,146.34729114388625,705.0,0.01,1024
675,675,0.08605405400157906,146.34729114388625,706.0,0.01,1024
676,676,0.08619206098956056,146.34729114388625,707.0,0.01,1024
677,677,0.08632983500137925,146.34729114388625,708.0,0.01,1024
678,678,0.08646927200607024,146.34729114388625,709.0,0.01,1024
679,679,0.08660816599149257,146.34729114388625,710.0,0.01,1024
680,680,0.08674762299051508,146.34729114388625,711.0,0.01,1024
681,681,0.0868868580146227,146.34729114388625,712.0,0.01,1024
682,682,0.08702591300243512,146.34729114388625,713.0,0.01,1024
683,683,0.08716524599003606,146.34729114388625,714.0,0.01,1024
684,684,0.08730486201238818,146.34729114388625,715.0,0.01,1024
685,685,0.08744556299643591,146.34729114388625,716.0,0.01,1024
686,686,0.0875860000087414,146.34729114388625,717.0,0.01,1024
687,687,0.08773088399902917,146.34729114388625,718.0,0.01,1024
688,688,0.08787032699910924,146.34729114388625,719.0,0.01,1024
689,689,0.08801000600215048,146.34729114388625,720.0,0.01,1024
690,690,0.08814968701335602,146.34729114388625,721.0,0.01,1024
691,691,0.08828969599562697,146.34729114388625,722.0,0.01,1024
692,692,0.08842850200016983,146.34729114388625,723.0,0.01,1024
693,693,0.08856770599959418,146.34729114388625,724.0,0.01,1024
694,694,0.08870798299903981,146.34729114388625,725.0,0.01,1024
695,695,0.08884961300645955,146.34729114388625,726.0,0.01,1024
696,696,0.08899031599867158,146.34729114388625,727.0,0.01,1024
697,697,0.08913157900678925,146.34729114388625,728.0,0.01,1024
698,698,0.08927269201376475,146.34729114388625,729.0,0.01,1024
699,699,0.08941422798670828,146.34729114388625,730.0,0.01,1024
700,700,0.08955569998943247,146.34729114388625,731.0,0.01,1024
701,701,0.08969761501066387,146.34729114388625,732.0,0.01,1024
702,702,0.08983917601290159,146.34729114388625,733.0,0.01,1024
703,703,0.08998124400386587,146.34729114388625,734.0,0.01,1024
704,704,0.09012402000371367,146.34729114388625,735.0,0.01,1024
705,705,0.09026743299909867,146.34729114388625,736.0,0.01,1024
706,706,0.09040869900491089,146.34729114388625,737.0,0.01,1024
707,707,0.09055140300188214,146.34729114388625,738.0,0.01,1024
708,708,0.09069476000149734,146.34729114388625,739.0,0.01,1024
709,709,0.09083778000785969,146.34729114388625,740.0,0.01,1024
710,710,0.09098227100912482,146.34729114388625,741.0,0.01,1024
711,711,0.09112533301231451,146.34729114388625,742.0,0.01,1024
712,712,0.09126800601370633,146.34729114388625,743.0,0.01,1024
713,713,0.09141158498823643,146.34729114388625,744.0,0.01,1024
714,714,0.09155466398806311,146.34729114388625,745.0,0.01,1024
715,715,0.09170626901322976,146.34729114388625,746.0,0.01,1024
716,716,0.09185074901324697,146.34729114388625,747.0,0.01,1024
717,717,0.09200421298737638,146.34729114388625,748.0,0.01,1024
718,718,0.09215274700545706,146.34729114388625,749.0,0.01,1024
719,719,0.09229778000735678,146.34729114388625,750.0,0.01,1024
720,720,0.0924419270013459,146.34729114388625,751.0,0.01,1024
721,721,0.09258600100292824,146.34729114388625,752.0,0.01,1024
722,722,0.09272986900759861,146.34729114388625,753.0,0.01,1024
723,723,0.09287385799689218,146.34729114388625,754.0,0.01,1024
724,724,0.09301875700475648,146.34729114388625,755.0,0.01,1024
725,725,0.09316397900693119,146.34729114388625,756.0,0.01,1024
726,726,0.09330894000595436,146.34729114388625,757.0,0.01,1024
727,727,0.09345411098911427,146.34729114388625,758.0,0.01,1024
728,728,0.09359653500723653,146.34729114388625,759.0,0.01,1024
729,729,0.09373828800744377,146.34729114388625,760.0,0.01,1024
730,730,0.09388045500963926,146.34729114388625,761.0,0.01,1024
731,731,0.09402262500952929,146.34729114388625,762.0,0.01,1024
732,732,0.09416725501068868,146.34729114388625,763.0,0.01,1024
733,733,0.09433106498909183,146.5789035015917,765.0,0.01,1024
734,734,0.09447904600529,146.5789035015917,766.0,0.01,1024
735,735,0.09462626799358986,146.5789035015917,767.0,0.01,1024
736,736,0.0947735620138701,146.5789035015917,768.0,0.01,1024
737,737,0.09492212199256755,146.5789035015917,769.0,0.01,1024
738,738,0.09506882898858748,146.5789035015917,770.0,0.01,1024
739,739,0.09521627900539897,146.5789035015917,771.0,0.01,1024
740,740,0.09536360899801366,146.5789035015917,772.0,0.01,1024
741,741,0.09551099300733767,146.5789035015917,773.0,0.01,1024
742,742,0.09566126199206337,146.5789035015917,774.0,0.01,1024
743,743,0.09580999301397242,146.5789035015917,775.0,0.01,1024
744,744,0.09597412598668598,146.64769995104564,777.0,0.01,1024
745,745,0.0961225559876766,146.64769995104564,778.0,0.01,1024
746,746,0.0962698640068993,146.64769995104564,779.0,0.01,1024
747,747,0.09641785398707725,146.64769995104564,780.0,0.01,1024
748,748,0.09656589000951499,146.64769995104564,781.0,0.01,1024
749,749,0.09671386299305595,146.64769995104564,782.0,0.01,1024
750,750,0.09686221901210956,146.64769995104564,783.0,0.01,1024
751,751,0.0970105419983156,146.64769995104564,784.0,0.01,1024
752,752,0.09715922101167962,146.64769995104564,785.0,0.01,1024
753,753,0.09730851699714549,146.64769995104564,786.0,0.01,1024
754,754,0.09745645101065747,146.64769995104564,787.0,0.01,1024
755,755,0.09760672401171178,146.64769995104564,788.0,0.01,1024
756,756,0.09775572700891644,146.64769995104564,789.0,0.01,1024
757,757,0.09790529799647629,146.64769995104564,790.0,0.01,1024
758,758,0.09805508799036033,146.64769995104564,791.0,0.01,1024
759,759,0.09820545799448155,146.64769995104564,792.0,0.01,1024
760,760,0.09835469300742261,146.64769995104564,793.0,0.01,1024
761,761,0.09850342001300305,146.64769995104564,794.0,0.01,1024
762,762,0.09865341501426883,146.64769995104564,795.0,0.01,1024
763,763,0.09880393499042839,146.64769995104564,796.0,0.01,1024
764,764,0.09895445901202038,146.64769995104564,797.0,0.01,1024
765,765,0.09910457298974507,146.64769995104564,798.0,0.01,1024
766,766,0.0992551950039342,146.64769995104564,799.0,0.01,1024
767,767,0.0994066660059616,146.64769995104564,800.0,0.01,1024
768,768,0.09955862301285379,146.64769995104564,801.0,0.01,1024
769,769,0.09971253300318494,146.64769995104564,802.0,0.01,1024
770,770,0.0998649779940024,146.64769995104564,803.0,0.01,1024
771,771,0.1000155909860041,146.64769995104564,804.0,0.01,1024
772,772,0.10016789400833659,146.64769995104564,805.0,0.01,1024
773,773,0.10033660000772215,146.6708890849256,807.0,0.01,1024
774,774,0.10048823000397533,146.6708890849256,808.0,0.01,1024
775,775,0.10064035700634122,146.6708890849256,809.0,0.01,1024
776,776,0.10079135399428196,146.6708890849256,810.0,0.01,1024
777,777,0.10094307598774321,146.6708890849256,811.0,0.01,1024
778,778,0.10109481899417005,146.6708890849256,812.0,0.01,1024
779,779,0.10124543099664152,146.6708890849256,813.0,0.01,1024
780,780,0.10139707700000145,146.6708890849256,814.0,0.01,1024
781,781,0.1015489969868213,146.6708890849256,815.0,0.01,1024
782,782,0.10170063498662785,146.6708890849256,816.0,0.01,1024
783,783,0.10185303501202725,146.6708890849256,817.0,0.01,1024
784,784,0.10200516501208767,146.6708890849256,818.0,0.01,1024
785,785,0.10215810898807831,146.6708890849256,819.0,0.01,1024
786,786,0.10231136801303364,146.6708890849256,820.0,0.01,1024
787,787,0.10246393200941384,146.6708890849256,821.0,0.01,1024
788,788,0.10261706198798493,146.6708890849256,822.0,0.01,1024
789,789,0.10276994301239029,146.6708890849256,823.0,0.01,1024
790,790,0.10292268201010302,146.6708890849256,824.0,0.01,1024
791,791,0.10307490700506605,146.6708890849256,825.0,0.01,1024
792,792,0.10322839199216105,146.6708890849256,826.0,0.01,1024
793,793,0.10338174199569039,146.6708890849256,827.0,0.01,1024
794,794,0.10353517401381396,146.6708890849256,828.0,0.01,1024
795,795,0.10369199299020693,146.6708890849256,829.0,0.01,1024
796,796,0.1038472389918752,146.6708890849256,830.0,0.01,1024
797,797,0.10400206298800185,146.6708890849256,831.0,0.01,1024
798,798,0.10415753201232292,146.6708890849256,832.0,0.01,1024
799,799,0.10431370700825937,146.6708890849256,833.0,0.01,1024
800,800,0.10446841799421236,146.6708890849256,834.0,0.01,1024
801,801,0.10462305299006402,146.6708890849256,835.0,0.01,1024
802,802,0.10477964300662279,146.6708890849256,836.0,0.01,1024
803,803,0.10493633800069802,146.6708890849256,837.0,0.01,1024
804,804,0.10509251299663447,146.6708890849256,838.0,0.01,1024
805,805,0.10524978401372209,146.6708890849256,839.0,0.01,1024
806,806,0.10540586401475593,146.6708890849256,840.0,0.01,1024
807,807,0.10556301500764675,146.6708890849256,841.0,0.01,1024
808,808,0.10571959501248784,146.6708890849256,842.0,0.01,1024
809,809,0.10587558298720978,146.6708890849256,843.0,0.01,1024
810,810,0.10603225199156441,146.6708890849256,844.0,0.01,1024
811,811,0.10619034900446422,146.6708890849256,845.0,0.01,1024
812,812,0.10634936499991454,146.6708890849256,846.0,0.01,1024
813,813,0.10650840701418929,146.6708890849256,847.0,0.01,1024
814,814,0.10666636499809101,146.6708890849256,848.0,0.01,1024
815,815,0.10682340600760654,146.6708890849256,849.0,0.01,1024
816,816,0.10698070700163953,146.6708890849256,850.0,0.01,1024
817,817,0.10713822301477194,146.6708890849256,851.0,0.01,1024
818,818,0.10729541699402034,146.6708890849256,852.0,0.01,1024
819,819,0.10745400699670427,146.6708890849256,853.0,0.01,1024
820,820,0.10761528299190104,146.6708890849256,854.0,0.01,1024
821,821,0.10777562001021579,146.6708890849256,855.0,0.01,1024
822,822,0.10793427101452835,146.6708890849256,856.0,0.01,1024
823,823,0.10809322600835003,146.6708890849256,857.0,0.01,1024
824,824,0.10825126100098714,146.6708890849256,858.0,0.01,1024
825,825,0.10840895501314662,146.6708890849256,859.0,0.01,1024
826,826,0.10856686599436216,146.6708890849256,860.0,0.01,1024
827,827,0.1087251270073466,146.6708890849256,861.0,0.01,1024
828,828,0.10888345001148991,146.6708890849256,862.0,0.01,1024
829,829,0.10904240899253637,146.6708890849256,863.0,0.01,1024
830,830,0.1092018700146582,146.6708890849256,864.0,0.01,1024
831,831,0.10936157501419075,146.6708890849256,865.0,0.01,1024
832,832,0.1095206179888919,146.6708890849256,866.0,0.01,1024
833,833,0.10968136999872513,146.6708890849256,867.0,0.01,1024
834,834,0.10984232899500057,146.6708890849256,868.0,0.01,1024
835,835,0.11000232299556956,146.6708890849256,869.0,0.01,1024
836,836,0.11016313001164235,146.6708890849256,870.0,0.01,1024
837,837,0.11032213299768046,146.6708890849256,871.0,0.01,1024
838,838,0.11047788499854505,146.6708890849256,872.0,0.01,1024
839,839,0.11065158300334588,146.8364113156346,874.0,0.01,1024
840,840,0.11080964701250196,146.8364113156346,875.0,0.01,1024
841,841,0.1109822079888545,147.04524250415105,877.0,0.01,1024
842,842,0.11113874800503254,147.04524250415105,878.0,0.01,1024
843,843,0.11129698000149801,147.04524250415105,879.0,0.01,1024
844,844,0.11145400701207109,147.04524250415105,880.0,0.01,1024
845,845,0.11161638601333834,147.04524250415105,881.0,0.01,1024
846,846,0.11177867799415253,147.04524250415105,882.0,0.01,1024
847,847,0.11194058999535628,147.04524250415105,883.0,0.01,1024
848,848,0.11210276899510063,147.04524250415105,884.0,0.01,1024
849,849,0.11226457799784839,147.04524250415105,885.0,0.01,1024
850,850,0.11242758599109948,147.04524250415105,886.0,0.01,1024
851,851,0.11259057899587788,147.04524250415105,887.0,0.01,1024
852,852,0.11275342100998387,147.04524250415105,888.0,0.01,1024
853,853,0.11291717700078152,147.04524250415105,889.0,0.01,1024
854,854,0.11307989599299617,147.04524250415105,890.0,0.01,1024
855,855,0.11324293000507168,147.04524250415105,891.0,0.01,1024
856,856,0.1134047319937963,147.04524250415105,892.0,0.01,1024
857,857,0.11356649099616334,147.04524250415105,893.0,0.01,1024
858,858,0.11372912098886445,147.04524250415105,894.0,0.01,1024
859,859,0.1138919279910624,147.04524250415105,895.0,0.01,1024
860,860,0.11405585901229642,147.04524250415105,896.0,0.01,1024
861,861,0.11421931500080973,147.04524250415105,897.0,0.01,1024
862,862,0.1143836370029021,147.04524250415105,898.0,0.01,1024
863,863,0.11454838400823064,147.04524250415105,899.0,0.01,1024
864,864,0.114712137990864,147.04524250415105,900.0,0.01,1024
865,865,0.11487615399528295,147.04524250415105,901.0,0.01,1024
866,866,0.11504053499083966,147.04524250415105,902.0,0.01,1024
867,867,0.11520451301475987,147.04524250415105,903.0,0.01,1024
868,868,0.11536781399627216,147.04524250415105,904.0,0.01,1024
869,869,0.11553330699098296,147.04524250415105,905.0,0.01,1024
870,870,0.1157010699971579,147.04524250415105,906.0,0.01,1024
871,871,0.1158804550068453,147.04524250415105,907.0,0.01,1024
872,872,0.11604647600324824,147.04524250415105,908.0,0.01,1024
873,873,0.11621086701052263,147.04524250415105,909.0,0.01,1024
874,874,0.11637538700597361,147.04524250415105,910.0,0.01,1024
875,875,0.1165411619876977,147.04524250415105,911.0,0.01,1024
876,876,0.11670688798767515,147.04524250415105,912.0,0.01,1024
877,877,0.11687278401223011,147.04524250415105,913.0,0.01,1024
878,878,0.11703896700055338,147.04524250415105,914.0,0.01,1024
879,879,0.1172045610146597,147.04524250415105,915.0,0.01,1024
880,880,0.11737004801398143,147.04524250415105,916.0,0.01,1024
881,881,0.1175360050110612,147.04524250415105,917.0,0.01,1024
882,882,0.11770170499221422,147.04524250415105,918.0,0.01,1024
883,883,0.11786829700577073,147.04524250415105,919.0,0.01,1024
884,884,0.11803546399460174,147.04524250415105,920.0,0.01,1024
885,885,0.11820262001128867,147.04524250415105,921.0,0.01,1024
886,886,0.11836985099944286,147.04524250415105,922.0,0.01,1024
887,887,0.11853588200756349,147.04524250415105,923.0,0.01,1024
888,888,0.11870319899753667,147.04524250415105,924.0,0.01,1024
889,889,0.11887063199537806,147.04524250415105,925.0,0.01,1024
890,890,0.11903786400216632,147.04524250415105,926.0,0.01,1024
891,891,0.1192067920055706,147.04524250415105,927.0,0.01,1024
892,892,0.11937602300895378,147.04524250415105,928.0,0.01,1024
893,893,0.11954513599630445,147.04524250415105,929.0,0.01,1024
894,894,0.11971624099533074,147.04524250415105,930.0,0.01,1024
895,895,0.11988698001368903,147.04524250415105,931.0,0.01,1024
896,896,0.12005587198655121,147.04524250415105,932.0,0.01,1024
897,897,0.1202253460069187,147.04524250415105,933.0,0.01,1024
898,898,0.12039357601315714,147.04524250415105,934.0,0.01,1024
899,899,0.12056213000323623,147.04524250415105,935.0,0.01,1024
900,900,0.12073123999289237,147.04524250415105,936.0,0.01,1024
901,901,0.12090028799138963,147.04524250415105,937.0,0.01,1024
902,902,0.12106971099274233,147.04524250415105,938.0,0.01,1024
903,903,0.12123848800547421,147.04524250415105,939.0,0.01,1024
904,904,0.12140693300170824,147.04524250415105,940.0,0.01,1024
905,905,0.12157636400661431,147.04524250415105,941.0,0.01,1024
906,906,0.12174529398907907,147.04524250415105,942.0,0.01,1024
907,907,0.12191514699952677,147.04524250415105,943.0,0.01,1024
908,908,0.12208463699789718,147.04524250415105,944.0,0.01,1024
909,909,0.12226253200788051,147.04524250415105,945.0,0.01,1024
910,910,0.12243417001445778,147.04524250415105,946.0,0.01,1024
911,911,0.12260569399222732,147.04524250415105,947.0,0.01,1024
912,912,0.1227776099985931,147.04524250415105,948.0,0.01,1024
913,913,0.12294972498784773,147.04524250415105,949.0,0.01,1024
914,914,0.12312116401153617,147.04524250415105,950.0,0.01,1024
915,915,0.12329204799607396,147.04524250415105,951.0,0.01,1024
916,916,0.1234623130003456,147.04524250415105,952.0,0.01,1024
917,917,0.12363631601328962,147.04524250415105,953.0,0.01,1024
918,918,0.12380835998919792,147.04524250415105,954.0,0.01,1024
919,919,0.1239796839945484,147.04524250415105,955.0,0.01,1024
920,920,0.12415014000725932,147.04524250415105,956.0,0.01,1024
921,921,0.12432176500442438,147.04524250415105,957.0,0.01,1024
922,922,0.12449257500702515,147.04524250415105,958.0,0.01,1024
923,923,0.12466428999323398,147.04524250415105,959.0,0.01,1024
924,924,0.12483576100203209,147.04524250415105,960.0,0.01,1024
925,925,0.12500686600105837,147.04524250415105,961.0,0.01,1024
926,926,0.12517822001245804,147.04524250415105,962.0,0.01,1024
927,927,0.1253497120051179,147.04524250415105,963.0,0.01,1024
928,928,0.12552110801334493,147.04524250415105,964.0,0.01,1024
929,929,0.12569446698762476,147.04524250415105,965.0,0.01,1024
930,930,0.12586829299107194,147.04524250415105,966.0,0.01,1024
931,931,0.12604203500086442,147.04524250415105,967.0,0.01,1024
932,932,0.12621525299618952,147.04524250415105,968.0,0.01,1024
933,933,0.12638725401484407,147.04524250415105,969.0,0.01,1024
934,934,0.12656108901137486,147.04524250415105,970.0,0.01,1024
935,935,0.12673473299946636,147.04524250415105,971.0,0.01,1024
936,936,0.12690849500359036,147.04524250415105,972.0,0.01,1024
937,937,0.12708363999263383,147.04524250415105,973.0,0.01,1024
938,938,0.12725763200432993,147.04524250415105,974.0,0.01,1024
939,939,0.1274323569959961,147.04524250415105,975.0,0.01,1024
940,940,0.12761299198609777,147.04524250415105,976.0,0.01,1024
941,941,0.1277947910130024,147.04524250415105,977.0,0.01,1024
942,942,0.1279703880136367,147.04524250415105,978.0,0.01,1024
943,943,0.12815282298834063,147.04524250415105,979.0,0.01,1024
944,944,0.12833211000543088,147.04524250415105,980.0,0.01,1024
945,945,0.1285078089858871,147.04524250415105,981.0,0.01,1024
946,946,0.1286832680052612,147.04524250415105,982.0,0.01,1024
947,947,0.1288581959961448,147.04524250415105,983.0,0.01,1024
948,948,0.1290336530073546,147.04524250415105,984.0,0.01,1024
949,949,0.1292088310001418,147.04524250415105,985.0,0.01,1024
950,950,0.1293844020110555,147.04524250415105,986.0,0.01,1024
951,951,0.1295613010006491,147.04524250415105,987.0,0.01,1024
952,952,0.12973719299770892,147.04524250415105,988.0,0.01,1024
953,953,0.12991304098977707,147.04524250415105,989.0,0.01,1024
954,954,0.1300895570020657,147.04524250415105,990.0,0.01,1024
955,955,0.13026513200020418,147.04524250415105,991.0,0.01,1024
956,956,0.13044193800305948,147.04524250415105,992.0,0.01,1024
957,957,0.13061858399305493,147.04524250415105,993.0,0.01,1024
958,958,0.1307954429939855,147.04524250415105,994.0,0.01,1024
959,959,0.13097352601471357,147.04524250415105,995.0,0.01,1024
960,960,0.13114956699428149,147.04524250415105,996.0,0.01,1024
961,961,0.13132670198683627,147.04524250415105,997.0,0.01,1024
962,962,0.13150429600500502,147.04524250415105,998.0,0.01,1024
963,963,0.13168433599639684,147.04524250415105,999.0,0.01,1024
964,964,0.13186303299153224,147.04524250415105,1000.0,0.01,1024
965,965,0.1320412619970739,147.04524250415105,1001.0,0.01,1024
966,966,0.13221935299225152,147.04524250415105,1002.0,0.01,1024
967,967,0.1323976620042231,147.04524250415105,1003.0,0.01,1024
968,968,0.13259356399066746,147.4025968390912,1005.0,0.01,1024
969,969,0.13277420701342635,147.4025968390912,1006.0,0.01,1024
970,970,0.13295394100714475,147.4025968390912,1007.0,0.01,1024
971,971,0.1331336289877072,147.4025968390912,1008.0,0.01,1024
972,972,0.1333140160131734,147.4025968390912,1009.0,0.01,1024
973,973,0.13349291900522076,147.4025968390912,1010.0,0.01,1024
974,974,0.1336722690030001,147.4025968390912,1011.0,0.01,1024
975,975,0.13384673700784333,147.4025968390912,1012.0,0.01,1024
976,976,0.134023293008795,147.4025968390912,1013.0,0.01,1024
977,977,0.13419856200926006,147.4025968390912,1014.0,0.01,1024
978,978,0.13437990201055072,147.4025968390912,1015.0,0.01,1024
979,979,0.13456118901376612,147.4025968390912,1016.0,0.01,1024
980,980,0.1347431899921503,147.4025968390912,1017.0,0.01,1024
981,981,0.13492339799995534,147.4025968390912,1018.0,0.01,1024
982,982,0.13510298798792064,147.4025968390912,1019.0,0.01,1024
983,983,0.1352824000059627,147.4025968390912,1020.0,0.01,1024
984,984,0.13546256299014203,147.4025968390912,1021.0,0.01,1024
985,985,0.13565116698737256,147.4025968390912,1022.0,0.01,1024
986,986,0.13583997599198483,147.4025968390912,1023.0,0.01,1024
987,987,0.13602160799200647,147.4025968390912,1024.0,0.01,1024
988,988,0.13620273998822086,147.4025968390912,1025.0,0.01,1024
989,989,0.13638480901136063,147.4025968390912,1026.0,0.01,1024
990,990,0.13656531099695712,147.4025968390912,1027.0,0.01,1024
991,991,0.1367478320025839,147.4025968390912,1028.0,0.01,1024
992,992,0.13692963498760946,147.4025968390912,1029.0,0.01,1024
993,993,0.1371338889875915,147.4025968390912,1030.0,0.01,1024
994,994,0.13731888399343006,147.4025968390912,1031.0,0.01,1024
995,995,0.13750190401333384,147.4025968390912,1032.0,0.01,1024
996,996,0.13768427798640914,147.4025968390912,1033.0,0.01,1024
997,997,0.1378673450089991,147.4025968390912,1034.0,0.01,1024
998,998,0.13805025300825946,147.4025968390912,1035.0,0.01,1024
999,999,0.1382331110071391,147.4025968390912,1036.0,0.01,1024
1000,1000,0.1384162419999484,147.4025968390912,1037.0,0.01,1024
1001,1001,0.13859890899038874,147.4025968390912,1038.0,0.01,1024
1002,1002,0.13878156201099046,147.4025968390912,1039.0,0.01,1024
1003,1003,0.13896489000762813,147.4025968390912,1040.0,0.01,1024
1004,1004,0.13914817600743845,147.4025968390912,1041.0,0.01,1024
1005,1005,0.13933110699872486,147.4025968390912,1042.0,0.01,1024
1006,1006,0.1395144730049651,147.4025968390912,1043.0,0.01,1024
1007,1007,0.13970626500668004,147.4025968390912,1044.0,0.01,1024
1008,1008,0.13989364801091142,147.4025968390912,1045.0,0.01,1024
1009,1009,0.14007898699492216,147.4025968390912,1046.0,0.01,1024
1010,1010,0.14026424099574797,147.4025968390912,1047.0,0.01,1024
1011,1011,0.1404480730125215,147.4025968390912,1048.0,0.01,1024
1012,1012,0.14063231900217943,147.4025968390912,1049.0,0.01,1024
1013,1013,0.14081810400239192,147.4025968390912,1050.0,0.01,1024
1014,1014,0.1410023549979087,147.4025968390912,1051.0,0.01,1024
1015,1015,0.14118792000226676,147.4025968390912,1052.0,0.01,1024
1016,1016,0.14137359301093966,147.4025968390912,1053.0,0.01,1024
1017,1017,0.1415575529972557,147.4025968390912,1054.0,0.01,1024
1018,1018,0.1417431680019945,147.4025968390912,1055.0,0.01,1024
1019,1019,0.14192790401284583,147.4025968390912,1056.0,0.01,1024
1020,1020,0.14211299299495295,147.4025968390912,1057.0,0.01,1024
1021,1021,0.14229946699924767,147.4025968390912,1058.0,0.01,1024
1022,1022,0.14248593099182472,147.4025968390912,1059.0,0.01,1024
1023,1023,0.14267137998831458,147.4025968390912,1060.0,0.01,1024
1024,1024,0.14285640401067212,147.4025968390912,1061.0,0.01,1024
